 {
    "sections": [
      {
        "title": "Passionate 'Front-End Developer'",
        "paragraph": "A dedicated Front-End Developer, I bring creativity to code. From crafting clean HTML5 to dynamic JavaScript interactions and scalable React applications.",
        "content": [
          {
            "topic": "HTML5, CSS3, SCSS",
            "description": "Crafting clean and semantic markup, and styling it with precision and elegance."
          },
          {
            "topic": "JavaScript & jQuery",
            "description": "Bringing interactivity to life with dynamic and responsive features."
          },
          {
            "topic": "React",
            "description": "Building modern, efficient, and scalable user interfaces with the power of React."
          },
          {
            "topic": "ES6 and Typescript",
            "description": "Building modern, efficient, and scalable user interfaces with the power of React."
          },
          {
            "topic": "Bootstrap & Tailwind",
            "description": "Proficient in utilizing popular CSS frameworks for rapid and responsive development."
          },
          {
            "topic": "AWS",
            "description": "Leveraging cloud services to deploy and scale applications effectively."
          },
          {
            "topic": "Agile Methodology",
            "description": "Thriving in collaborative and fast-paced Agile development environments."
          },
          {
            "topic": "WordPress",
            "description": "Creating customizable and user-friendly WordPress themes."
          }
        ]
      },
      {
        "title": "Me as a 'Team Lead'",
        "paragraph": "In my role as a Team Lead, I am deeply invested in mentorship, fostering a culture of continuous learning. My leadership style is defined by empowerment, enabling team members to unlock their full potential.  ",
        "content": [
          {
            "topic": "Mentorship",
            "description": "Passionate about cultivating a culture of continuous learning, I empower team members to reach their full potential."
          },
          {
            "topic": "Technical Proficiency",
            "description": "I lead from the front when it comes to hands-on technical expertise."
          }
        ]
      },
      {
        "title": "Me as a 'Traveller'",
        "paragraph": "In my travels, I value the journey over the destination, embracing the idea that the process holds rich learning curves. I believe, if you carry conviction in your heart, the destination takes care of itself.",
        "content": [
          {
            "topic": "Love the Diversity of Our Culture",
            "description": "Exploring various cultures has ignited a deep appreciation for diversity, broadening my understanding of the world's richness."
          },
          {
            "topic": "Overcoming the Fear of Facing Strangers",
            "description": "Travel has been a transformative journey, helping me shed any apprehension about interacting with strangers and fostering a sense of openness."
          }
        ]
      },
      {
        "title": "Me as a 'Mother'",
        "paragraph": "Being a mother is a profound journey where every moment is a precious chapter. It's about nurturing, guiding, and cherishing the small joys. In the tapestry of motherhood, love is woven into every smile, every tear, and every shared laughter.",
        "content": [
          {
            "topic": "Creating a Loving Home",
            "description": "Fostering a warm and loving home environment is my priority, where my children feel safe, supported, and encouraged to explore the world."
          },
          {
            "topic": "Embracing the Joys of Motherhood",
            "description": "Motherhood has taught me to find joy in the simplest of moments, from bedtime stories to shared meals, creating a lifetime of cherished memories."
          },
          {
            "topic": "Guiding with Patience and Wisdom",
            "description": "Guiding my children through life's challenges with patience and wisdom, I strive to be a source of strength, encouragement, and unwavering support."
          }
        ]
      }
      
    ]
  }
  