[
    {
      "title": "QR code generator (Porgressive Web App)",
      "imageSrc": "project/project.png",
      "description": " In this application you can enter employee code and genreate a QR code, you can download and save this app on you device and run without internet connection ",
      "skills": ["React", "Service Workers"],
      "demo": "https://www.example.com",
      "source": "https://github.com/mayuthul123/QR-with-json"
    },
    {
      "title": "Weather App",
      "imageSrc": "project/project.png",
      "description": "This is a project made to learn the latest languages by building an app.",
      "skills": ["React", "Express", "Sass"],
      "demo": "https://www.example.com",
      "source": "https://www.github.com"
    },
    {
      "title": "XOXO Game",
      "imageSrc": "project/project.png",
      "description": "This is a project made to learn the latest languages by building an app.",
      "skills": ["React", "Express", "Node"],
      "demo": "https://www.example.com",
      "source": "https://www.github.com"
    },
    {
      "title": "Aditya Birla Health Calculator",
      "imageSrc": "project/phc_adityabirla.png",
      "description": "This application was developed by me for the adityabirla employes to calculate their heath data and assign health program depends on the count ",
      "skills": ["React", "context API"],
      "demo": "https://www.adityabirlacapital.com/multiply-wellness/phc/",
      "source": "https://www.github.com"
    }
  ]